Rank,Player,Team,Predicted Votes,GP,PTS,REB,AST,TS %,Win %
1.0,Shai Gilgeous-Alexander,Oklahoma City Thunder,817.0,51,32.6,5.1,6.0,0.643,0.827
2.0,Nikola Jokić,Denver Nuggets,747.0,48,29.8,12.5,10.2,0.667,0.648
3.0,Giannis Antetokounmpo,Milwaukee Bucks,290.0,41,31.8,12.2,5.9,0.62,0.538
4.0,Jayson Tatum,Boston Celtics,116.0,51,26.9,8.6,5.5,0.59,0.704
5.0,Anthony Edwards,Minnesota Timberwolves,97.0,52,27.5,5.8,4.5,0.594,0.556
6.0,Trae Young,Atlanta Hawks,83.0,50,23.4,3.2,11.4,0.561,0.481
7.0,Domantas Sabonis,Sacramento Kings,67.0,50,20.4,14.3,6.3,0.669,0.509
8.0,LeBron James,Los Angeles Lakers,63.0,47,24.4,7.8,9.0,0.606,0.627
9.0,Jalen Brunson,New York Knicks,62.0,51,26.3,2.8,7.5,0.609,0.654
10.0,Tyrese Maxey,Philadelphia 76ers,43.0,45,28.1,3.4,6.2,0.577,0.385
10.0,Victor Wembanyama,San Antonio Spurs,43.0,45,24.4,11.0,3.6,0.595,0.451
12.0,Anthony Davis,Dallas Mavericks,35.0,43,25.7,12.0,3.4,0.602,0.519
13.0,Dyson Daniels,Atlanta Hawks,31.0,49,13.7,5.5,4.0,0.526,0.481
14.0,Darius Garland,Cleveland Cavaliers,29.0,51,21.8,2.5,6.6,0.633,0.811
15.0,Donovan Mitchell,Cleveland Cavaliers,26.0,50,24.0,4.3,4.8,0.587,0.811
16.0,Cade Cunningham,Detroit Pistons,25.0,48,25.5,6.4,9.5,0.548,0.509
17.0,Karl-Anthony Towns,New York Knicks,22.0,47,24.0,13.5,3.3,0.638,0.654
18.0,Jarrett Allen,Cleveland Cavaliers,21.0,53,13.6,10.3,2.0,0.722,0.811
19.0,Damian Lillard,Milwaukee Bucks,17.0,44,25.8,4.7,7.5,0.623,0.538
20.0,Devin Booker,Phoenix Suns,13.0,47,26.4,4.1,6.6,0.594,0.5
21.0,De'Aaron Fox,San Antonio Spurs,9.0,49,24.7,4.9,6.3,0.567,0.451
21.0,Jaren Jackson Jr.,Memphis Grizzlies,9.0,50,23.3,6.0,2.2,0.601,0.673
23.0,Kevin Durant,Phoenix Suns,8.0,39,26.9,6.1,4.2,0.632,0.5
23.0,Stephen Curry,Golden State Warriors,8.0,44,23.3,4.5,6.1,0.599,0.509
23.0,James Harden,Los Angeles Clippers,8.0,49,21.3,5.7,8.6,0.567,0.558
26.0,LaMelo Ball,Charlotte Hornets,7.0,33,27.3,5.1,7.2,0.544,0.255
26.0,Alperen Şengün,Houston Rockets,7.0,50,19.0,10.4,4.9,0.54,0.623
28.0,Tyler Herro,Miami Heat,6.0,49,23.7,5.6,5.6,0.608,0.49
28.0,Evan Mobley,Cleveland Cavaliers,6.0,47,18.7,9.0,3.0,0.644,0.811
28.0,Josh Hart,New York Knicks,6.0,51,14.4,9.6,5.7,0.642,0.654
31.0,Luka Dončić,Los Angeles Lakers,5.0,23,27.5,8.2,7.7,0.578,0.627
31.0,Jalen Williams,Oklahoma City Thunder,5.0,49,21.1,5.5,5.1,0.562,0.827
33.0,Tyrese Haliburton,Indiana Pacers,4.0,50,17.8,3.6,8.5,0.591,0.569
34.0,Jalen Green,Houston Rockets,3.0,53,21.4,4.4,3.0,0.549,0.623
34.0,Rudy Gobert,Minnesota Timberwolves,3.0,54,10.8,10.4,1.8,0.675,0.556
36.0,Norman Powell,Los Angeles Clippers,2.0,43,24.0,3.5,2.3,0.633,0.558
36.0,Zach LaVine,Sacramento Kings,2.0,46,23.5,4.7,4.4,0.627,0.509
36.0,Jaylen Brown,Boston Celtics,2.0,46,22.9,6.0,4.8,0.55,0.704
36.0,Pascal Siakam,Indiana Pacers,2.0,51,20.7,7.4,3.4,0.619,0.569
36.0,Nikola Vučević,Chicago Bulls,2.0,52,19.3,10.3,3.5,0.624,0.415
36.0,Michael Porter Jr.,Denver Nuggets,2.0,52,19.0,6.5,2.2,0.638,0.648
36.0,Chet Holmgren,Oklahoma City Thunder,2.0,12,15.0,8.2,1.8,0.603,0.827
43.0,Franz Wagner,Orlando Magic,1.0,35,25.4,5.6,5.0,0.569,0.473
43.0,Kyrie Irving,Dallas Mavericks,1.0,43,24.2,4.7,4.9,0.592,0.519
43.0,Jordan Poole,Washington Wizards,1.0,46,20.7,3.2,4.9,0.571,0.17
43.0,Coby White,Chicago Bulls,1.0,46,18.7,3.3,4.6,0.593,0.415
43.0,Collin Sexton,Utah Jazz,1.0,46,18.3,2.9,4.1,0.6,0.231
43.0,Mark Williams,Charlotte Hornets,1.0,23,15.6,9.6,2.5,0.633,0.255
43.0,Ivica Zubac,Los Angeles Clippers,1.0,50,15.4,12.7,2.5,0.624,0.558
43.0,Payton Pritchard,Boston Celtics,1.0,53,13.9,3.8,3.5,0.639,0.704
43.0,Isaiah Hartenstein,Oklahoma City Thunder,1.0,32,11.3,12.1,4.1,0.579,0.827
43.0,Chris Paul,San Antonio Spurs,1.0,51,9.3,4.1,8.1,0.578,0.451
43.0,Alex Reese,Oklahoma City Thunder,1.0,1,2.0,1.0,0.0,1.0,0.827
54.0,Joel Embiid,Philadelphia 76ers,0.0,16,24.8,8.3,4.5,0.589,0.385
54.0,Cam Thomas,Brooklyn Nets,0.0,19,24.7,3.6,3.4,0.596,0.358
54.0,Zion Williamson,New Orleans Pelicans,0.0,17,23.9,7.3,4.9,0.575,0.226
54.0,Trey Murphy III,New Orleans Pelicans,0.0,37,22.6,5.1,3.4,0.623,0.226
54.0,Paolo Banchero,Orlando Magic,0.0,21,22.5,7.1,5.0,0.511,0.473
54.0,Brandon Ingram,New Orleans Pelicans,0.0,18,22.2,5.6,5.2,0.56,0.226
54.0,CJ McCollum,New Orleans Pelicans,0.0,39,22.2,3.7,3.8,0.558,0.226
54.0,DeMar DeRozan,Sacramento Kings,0.0,48,21.9,3.9,3.7,0.576,0.509
54.0,RJ Barrett,Toronto Raptors,0.0,41,21.6,6.6,5.7,0.549,0.302
54.0,Brandon Miller,Charlotte Hornets,0.0,27,21.0,4.9,3.6,0.54,0.255
54.0,Ja Morant,Memphis Grizzlies,0.0,31,20.5,4.2,7.5,0.558,0.673
54.0,Jamal Murray,Denver Nuggets,0.0,47,20.3,3.9,6.1,0.569,0.648
54.0,Scottie Barnes,Toronto Raptors,0.0,40,19.8,7.8,6.4,0.522,0.302
54.0,Miles Bridges,Charlotte Hornets,0.0,37,19.5,7.7,3.8,0.542,0.255
54.0,Cameron Johnson,Brooklyn Nets,0.0,38,19.2,4.1,2.9,0.656,0.358
54.0,Lauri Markkanen,Utah Jazz,0.0,39,19.2,6.1,1.7,0.576,0.231
54.0,Austin Reaves,Los Angeles Lakers,0.0,46,19.2,4.4,6.1,0.601,0.627
54.0,Kristaps Porziņģis,Boston Celtics,0.0,28,19.1,7.1,2.0,0.61,0.704
54.0,Jalen Johnson,Atlanta Hawks,0.0,36,18.9,10.0,5.0,0.569,0.481
54.0,Julius Randle,Minnesota Timberwolves,0.0,48,18.9,7.2,4.5,0.578,0.556
54.0,De'Andre Hunter,Cleveland Cavaliers,0.0,38,18.8,3.8,1.5,0.618,0.811
54.0,Anfernee Simons,Portland Trail Blazers,0.0,50,18.5,2.7,5.0,0.559,0.426
54.0,John Collins,Utah Jazz,0.0,34,18.2,8.2,2.2,0.632,0.231
54.0,Mikal Bridges,New York Knicks,0.0,52,18.1,3.1,3.2,0.579,0.654
54.0,Desmond Bane,Memphis Grizzlies,0.0,41,18.0,5.8,5.4,0.606,0.673
54.0,Malik Monk,Sacramento Kings,0.0,45,18.0,3.8,5.8,0.555,0.509
54.0,Jaden Ivey,Detroit Pistons,0.0,30,17.6,4.1,4.0,0.569,0.509
54.0,Dejounte Murray,New Orleans Pelicans,0.0,31,17.5,6.5,7.4,0.494,0.226
54.0,Bradley Beal,Phoenix Suns,0.0,37,17.4,3.4,3.4,0.6,0.5
54.0,Jimmy Butler,Golden State Warriors,0.0,27,17.4,5.3,4.8,0.637,0.509
54.0,Andrew Wiggins,Miami Heat,0.0,44,17.4,4.6,2.4,0.563,0.49
54.0,Shaedon Sharpe,Portland Trail Blazers,0.0,46,17.2,3.8,2.4,0.547,0.426
54.0,Jordan Clarkson,Utah Jazz,0.0,29,16.9,3.1,3.8,0.552,0.231
54.0,Jonathan Kuminga,Golden State Warriors,0.0,32,16.8,5.0,2.2,0.539,0.509
54.0,Paul George,Philadelphia 76ers,0.0,33,16.6,5.3,4.5,0.546,0.385
54.0,Bam Adebayo,Miami Heat,0.0,50,16.5,10.0,4.5,0.535,0.49
54.0,OG Anunoby,New York Knicks,0.0,49,16.4,4.7,2.0,0.59,0.654
54.0,Malik Beasley,Detroit Pistons,0.0,53,16.4,2.9,1.8,0.588,0.509
54.0,Keyonte George,Utah Jazz,0.0,42,16.4,3.5,5.8,0.537,0.231
54.0,Bennedict Mathurin,Indiana Pacers,0.0,49,16.3,5.7,1.8,0.583,0.569
54.0,Jalen Suggs,Orlando Magic,0.0,35,16.2,4.0,3.7,0.536,0.473
54.0,Devin Vassell,San Antonio Spurs,0.0,36,16.1,3.6,2.9,0.543,0.451
54.0,Derrick White,Boston Celtics,0.0,51,16.1,4.2,4.2,0.601,0.704
54.0,Kawhi Leonard,Los Angeles Clippers,0.0,14,15.7,4.6,2.6,0.54,0.558
54.0,Gradey Dick,Toronto Raptors,0.0,46,15.3,3.4,1.9,0.55,0.302
54.0,Jared McCain,Philadelphia 76ers,0.0,23,15.3,2.4,2.6,0.589,0.385
54.0,Kyle Kuzma,Milwaukee Bucks,0.0,35,15.2,5.9,2.4,0.493,0.538
54.0,Myles Turner,Indiana Pacers,0.0,46,15.1,6.6,1.5,0.596,0.569
54.0,Christian Braun,Denver Nuggets,0.0,53,14.9,5.0,2.1,0.66,0.648
54.0,Jerami Grant,Portland Trail Blazers,0.0,41,14.7,3.3,2.2,0.533,0.426
54.0,Immanuel Quickley,Toronto Raptors,0.0,14,14.7,2.6,5.8,0.553,0.302
54.0,Fred VanVleet,Houston Rockets,0.0,45,14.6,3.9,5.8,0.521,0.623
54.0,Deni Avdija,Portland Trail Blazers,0.0,51,14.5,6.4,3.5,0.587,0.426
54.0,Deandre Ayton,Portland Trail Blazers,0.0,40,14.4,10.2,1.6,0.583,0.426
54.0,Kelly Oubre Jr.,Philadelphia 76ers,0.0,49,14.2,6.5,1.9,0.54,0.385
54.0,Jakob Poeltl,Toronto Raptors,0.0,45,14.2,10.1,2.8,0.624,0.302
54.0,Dennis Schröder,Detroit Pistons,0.0,48,14.2,2.6,5.4,0.529,0.509
54.0,P.J. Washington,Dallas Mavericks,0.0,43,14.2,8.2,2.3,0.544,0.519
54.0,Tre Mann,Charlotte Hornets,0.0,13,14.1,2.9,3.0,0.537,0.255
54.0,Naz Reid,Minnesota Timberwolves,0.0,53,14.1,5.3,1.9,0.605,0.556
54.0,Bobby Portis,Milwaukee Bucks,0.0,45,13.8,8.4,2.2,0.54,0.538
54.0,Amen Thompson,Houston Rockets,0.0,50,13.8,8.0,3.3,0.602,0.623
54.0,Klay Thompson,Dallas Mavericks,0.0,47,13.8,3.4,2.0,0.561,0.519
54.0,Dillon Brooks,Houston Rockets,0.0,50,13.6,3.9,1.5,0.539,0.623
54.0,Jordan Goodwin,Los Angeles Lakers,0.0,2,13.5,6.0,1.0,0.732,0.627
54.0,Tobias Harris,Detroit Pistons,0.0,51,13.3,6.0,2.3,0.547,0.509
54.0,Rui Hachimura,Los Angeles Lakers,0.0,44,13.2,5.2,1.5,0.619,0.627
54.0,Russell Westbrook,Denver Nuggets,0.0,48,13.0,5.1,6.4,0.556,0.648
54.0,D'Angelo Russell,Brooklyn Nets,0.0,44,12.9,2.8,5.1,0.535,0.358
54.0,Moritz Wagner,Orlando Magic,0.0,30,12.9,4.9,1.4,0.649,0.473
54.0,Santi Aldama,Memphis Grizzlies,0.0,44,12.8,6.7,2.6,0.593,0.673
54.0,Malcolm Brogdon,Washington Wizards,0.0,23,12.7,4.0,4.0,0.541,0.17
54.0,Stephon Castle,San Antonio Spurs,0.0,50,12.7,2.8,3.6,0.514,0.451
54.0,Bilal Coulibaly,Washington Wizards,0.0,49,12.6,5.1,3.4,0.519,0.17
54.0,Khris Middleton,Milwaukee Bucks,0.0,23,12.6,3.7,4.4,0.627,0.538
54.0,Ayo Dosunmu,Chicago Bulls,0.0,42,12.4,3.5,4.6,0.589,0.415
54.0,Scoot Henderson,Portland Trail Blazers,0.0,47,12.4,3.0,5.3,0.557,0.426
54.0,Terry Rozier,Miami Heat,0.0,47,12.4,4.1,2.9,0.514,0.49
54.0,Daniel Gafford,Dallas Mavericks,0.0,51,12.3,6.9,1.4,0.716,0.519
54.0,Josh Giddey,Chicago Bulls,0.0,49,12.1,7.2,6.5,0.538,0.415
54.0,Aaron Gordon,Denver Nuggets,0.0,32,12.1,4.8,3.2,0.617,0.648
54.0,Brook Lopez,Milwaukee Bucks,0.0,51,12.1,4.7,1.7,0.59,0.538
54.0,Keegan Murray,Sacramento Kings,0.0,50,12.1,7.0,1.4,0.537,0.509
54.0,Onyeka Okongwu,Atlanta Hawks,0.0,47,12.0,7.9,2.0,0.624,0.481
54.0,Daeqwon Plowden,Atlanta Hawks,0.0,2,12.0,2.5,0.0,1.103,0.481
54.0,Jabari Smith Jr.,Houston Rockets,0.0,33,11.9,6.5,1.0,0.568,0.623
54.0,Jeremy Sochan,San Antonio Spurs,0.0,32,11.9,7.3,2.6,0.6,0.451
54.0,Harrison Barnes,San Antonio Spurs,0.0,51,11.8,4.1,1.7,0.645,0.451
54.0,Buddy Hield,Golden State Warriors,0.0,53,11.8,3.4,1.7,0.554,0.509
54.0,Keldon Johnson,San Antonio Spurs,0.0,48,11.6,4.6,1.3,0.546,0.451
54.0,Corey Kispert,Washington Wizards,0.0,48,11.6,3.0,1.7,0.577,0.17
54.0,Alex Sarr,Washington Wizards,0.0,41,11.5,6.6,2.2,0.483,0.17
54.0,Ty Jerome,Cleveland Cavaliers,0.0,50,11.4,2.5,3.4,0.643,0.811
54.0,Jaden McDaniels,Minnesota Timberwolves,0.0,54,11.3,5.5,1.7,0.561,0.556
54.0,Zaccharie Risacher,Atlanta Hawks,0.0,47,11.3,3.4,1.2,0.523,0.481
54.0,Jonas Valančiūnas,Sacramento Kings,0.0,52,11.3,8.1,2.2,0.599,0.509
54.0,Walker Kessler,Utah Jazz,0.0,41,11.2,11.9,1.6,0.701,0.231
54.0,Naji Marshall,Dallas Mavericks,0.0,41,11.2,3.6,2.6,0.59,0.519
54.0,Guerschon Yabusele,Philadelphia 76ers,0.0,49,11.2,5.6,2.0,0.642,0.385
54.0,Grayson Allen,Phoenix Suns,0.0,42,11.1,3.5,2.0,0.64,0.5
54.0,Tari Eason,Houston Rockets,0.0,35,11.1,6.3,1.1,0.557,0.623
54.0,Tyus Jones,Phoenix Suns,0.0,51,11.1,2.4,5.9,0.591,0.5
54.0,Jaylen Wells,Memphis Grizzlies,0.0,52,11.1,3.2,1.7,0.577,0.673
54.0,Donte DiVincenzo,Minnesota Timberwolves,0.0,40,11.0,3.7,3.6,0.557,0.556
54.0,Jrue Holiday,Boston Celtics,0.0,44,11.0,4.4,3.7,0.564,0.704
54.0,Nikola Jović,Miami Heat,0.0,42,11.0,4.0,2.9,0.609,0.49
54.0,Aaron Wiggins,Oklahoma City Thunder,0.0,52,10.9,3.7,1.6,0.61,0.827
54.0,Jalen Duren,Detroit Pistons,0.0,50,10.8,10.1,2.4,0.707,0.509
54.0,Tim Hardaway Jr.,Detroit Pistons,0.0,49,10.8,2.3,1.6,0.578,0.509
54.0,Brandon Boston Jr.,New Orleans Pelicans,0.0,42,10.7,3.2,2.2,0.535,0.226
54.0,Duncan Robinson,Miami Heat,0.0,49,10.7,2.3,2.6,0.572,0.49
54.0,Jordan Hawkins,New Orleans Pelicans,0.0,35,10.6,2.5,1.0,0.49,0.226
54.0,Andrew Nembhard,Indiana Pacers,0.0,35,10.6,3.3,5.0,0.559,0.569
54.0,Spencer Dinwiddie,Dallas Mavericks,0.0,52,10.5,2.4,3.7,0.566,0.519
54.0,Derrick Jones Jr.,Los Angeles Clippers,0.0,50,10.5,3.7,0.9,0.604,0.558
54.0,Chris Boucher,Toronto Raptors,0.0,45,10.4,4.3,0.6,0.626,0.302
54.0,Caris LeVert,Atlanta Hawks,0.0,40,10.4,3.0,3.6,0.584,0.481
54.0,Grant Williams,Charlotte Hornets,0.0,16,10.4,5.1,2.3,0.596,0.255
54.0,Ochai Agbaji,Toronto Raptors,0.0,47,10.3,3.8,1.6,0.611,0.302
54.0,Amir Coffey,Los Angeles Clippers,0.0,51,10.3,2.4,1.1,0.626,0.558
54.0,Quentin Grimes,Philadelphia 76ers,0.0,49,10.3,3.8,2.2,0.598,0.385
54.0,De'Anthony Melton,Golden State Warriors,0.0,6,10.3,3.3,2.8,0.539,0.509
54.0,Herbert Jones,New Orleans Pelicans,0.0,20,10.2,3.9,3.2,0.541,0.226
54.0,Toumani Camara,Portland Trail Blazers,0.0,52,10.1,5.9,2.0,0.553,0.426
54.0,Gary Trent Jr.,Milwaukee Bucks,0.0,47,10.1,2.4,1.1,0.589,0.538
54.0,Bogdan Bogdanović,Atlanta Hawks,0.0,24,10.0,2.8,2.0,0.502,0.481
54.0,Julian Champagnie,San Antonio Spurs,0.0,51,10.0,4.0,1.2,0.575,0.451
54.0,Nic Claxton,Brooklyn Nets,0.0,46,10.0,7.4,1.9,0.557,0.358
54.0,GG Jackson II,Memphis Grizzlies,0.0,10,10.0,3.6,0.8,0.52,0.673
54.0,Svi Mykhailiuk,Utah Jazz,0.0,21,10.0,2.5,1.8,0.544,0.231
54.0,Keon Johnson,Brooklyn Nets,0.0,51,9.9,3.5,1.9,0.481,0.358
54.0,T.J. McConnell,Indiana Pacers,0.0,50,9.9,2.6,4.4,0.548,0.569
54.0,Obi Toppin,Indiana Pacers,0.0,48,9.9,4.0,1.5,0.641,0.569
54.0,Cam Whitmore,Houston Rockets,0.0,34,9.9,3.3,0.8,0.524,0.623
54.0,Luguentz Dort,Oklahoma City Thunder,0.0,48,9.8,4.3,1.7,0.578,0.827
54.0,Tosan Evbuomwan,Brooklyn Nets,0.0,19,9.8,4.2,1.6,0.545,0.358
54.0,Zach Edey,Memphis Grizzlies,0.0,38,9.7,7.6,1.0,0.635,0.673
54.0,Isaiah Joe,Oklahoma City Thunder,0.0,47,9.7,2.6,1.4,0.601,0.827
54.0,Scotty Pippen Jr.,Memphis Grizzlies,0.0,52,9.6,3.4,4.5,0.56,0.673
54.0,Julian Strawther,Denver Nuggets,0.0,54,9.6,2.2,1.4,0.564,0.648
54.0,Luke Kennard,Memphis Grizzlies,0.0,39,9.5,2.9,3.4,0.655,0.673
54.0,Brandin Podziemski,Golden State Warriors,0.0,40,9.5,4.7,3.4,0.536,0.509
54.0,Jose Alvarado,New Orleans Pelicans,0.0,29,9.4,1.9,4.1,0.559,0.226
54.0,Clint Capela,Atlanta Hawks,0.0,45,9.4,9.0,1.2,0.577,0.481
54.0,Noah Clowney,Brooklyn Nets,0.0,37,9.4,3.9,0.8,0.536,0.358
54.0,Dalton Knecht,Los Angeles Lakers,0.0,48,9.4,3.1,0.9,0.598,0.627
54.0,Royce O'Neale,Phoenix Suns,0.0,46,9.4,5.0,2.1,0.585,0.5
54.0,Patrick Williams,Chicago Bulls,0.0,43,9.4,4.1,2.1,0.497,0.415
54.0,Ziaire Williams,Brooklyn Nets,0.0,39,9.4,4.8,1.5,0.531,0.358
54.0,Jaime Jaquez Jr.,Miami Heat,0.0,45,9.3,4.7,2.7,0.529,0.49
54.0,Jalen Wilson,Brooklyn Nets,0.0,52,9.3,3.5,1.9,0.517,0.358
54.0,Max Christie,Dallas Mavericks,0.0,50,9.2,2.9,1.6,0.605,0.519
54.0,Dante Exum,Dallas Mavericks,0.0,6,9.2,1.5,3.7,0.561,0.519
54.0,Kevin Porter Jr.,Milwaukee Bucks,0.0,46,9.2,3.5,3.2,0.487,0.538
54.0,Cole Anthony,Orlando Magic,0.0,50,9.1,2.8,2.8,0.521,0.473
54.0,Anthony Black,Orlando Magic,0.0,51,9.1,2.6,3.4,0.51,0.473
54.0,Dereck Lively II,Dallas Mavericks,0.0,32,9.1,7.8,2.6,0.704,0.519
54.0,Caleb Martin,Philadelphia 76ers,0.0,31,9.1,4.4,2.2,0.531,0.385
54.0,Miles McBride,New York Knicks,0.0,42,9.1,2.4,2.7,0.547,0.654
54.0,Moses Moody,Golden State Warriors,0.0,45,9.0,2.1,1.1,0.576,0.509
54.0,Brice Sensabaugh,Utah Jazz,0.0,42,9.0,2.5,1.2,0.585,0.231
54.0,Carlton Carrington,Washington Wizards,0.0,53,8.9,3.9,4.0,0.522,0.17
54.0,Nick Richards,Phoenix Suns,0.0,33,8.9,8.5,1.1,0.612,0.5
54.0,Nickeil Alexander-Walker,Minnesota Timberwolves,0.0,54,8.8,3.0,2.5,0.578,0.556
54.0,Dalano Banton,Portland Trail Blazers,0.0,41,8.8,1.9,2.2,0.523,0.426
54.0,Goga Bitadze,Orlando Magic,0.0,44,8.8,8.0,2.2,0.64,0.473
54.0,Kentavious Caldwell-Pope,Orlando Magic,0.0,52,8.8,2.1,1.8,0.547,0.473
54.0,Georges Niang,Atlanta Hawks,0.0,53,8.8,3.8,1.3,0.618,0.481
54.0,Ausar Thompson,Detroit Pistons,0.0,31,8.8,5.1,1.9,0.56,0.509
54.0,Wendell Carter Jr.,Orlando Magic,0.0,42,8.7,7.0,2.3,0.541,0.473
54.0,Dorian Finney-Smith,Los Angeles Lakers,0.0,37,8.7,3.8,1.4,0.613,0.627
54.0,Yves Missi,New Orleans Pelicans,0.0,50,8.7,8.1,1.4,0.576,0.226
54.0,Marcus Smart,Memphis Grizzlies,0.0,19,8.7,2.3,3.7,0.504,0.673
54.0,Jusuf Nurkić,Phoenix Suns,0.0,25,8.6,9.2,1.9,0.556,0.5
54.0,Jalen Smith,Chicago Bulls,0.0,48,8.6,5.6,0.9,0.612,0.415
54.0,Larry Nance Jr.,Atlanta Hawks,0.0,24,8.5,4.3,1.6,0.632,0.481
54.0,Max Strus,Cleveland Cavaliers,0.0,24,8.5,4.3,3.0,0.583,0.811
54.0,Bruce Brown,Toronto Raptors,0.0,18,8.4,3.8,1.6,0.525,0.302
54.0,Tristan Da Silva,Orlando Magic,0.0,51,8.4,3.9,1.7,0.538,0.473
54.0,Jaylen Nowell,New Orleans Pelicans,0.0,8,8.4,2.5,2.2,0.43,0.226
54.0,Kel'el Ware,Miami Heat,0.0,36,8.4,5.8,0.8,0.6,0.49
54.0,Trendon Watford,Brooklyn Nets,0.0,18,8.4,3.0,1.5,0.55,0.358
54.0,Draymond Green,Golden State Warriors,0.0,39,8.3,5.8,5.5,0.529,0.509
54.0,Mike Conley,Minnesota Timberwolves,0.0,47,8.2,2.7,4.6,0.542,0.556
54.0,Jaden Hardy,Dallas Mavericks,0.0,40,8.2,1.6,1.4,0.546,0.519
54.0,Quinten Post,Golden State Warriors,0.0,15,8.2,3.4,1.7,0.641,0.509
54.0,Day'Ron Sharpe,Brooklyn Nets,0.0,31,8.2,6.1,1.5,0.568,0.358
54.0,Aaron Nesmith,Indiana Pacers,0.0,16,8.1,3.4,1.3,0.616,0.569
54.0,Nick Smith Jr.,Charlotte Hornets,0.0,32,8.1,2.0,1.8,0.516,0.255
54.0,Peyton Watson,Denver Nuggets,0.0,48,8.1,3.4,1.5,0.568,0.648
54.0,Justin Champagnie,Washington Wizards,0.0,34,8.0,4.6,0.9,0.622,0.17
54.0,Kyshawn George,Washington Wizards,0.0,47,8.0,3.9,2.2,0.494,0.17
54.0,Al Horford,Boston Celtics,0.0,42,8.0,5.4,1.9,0.549,0.704
54.0,Brandon Clarke,Memphis Grizzlies,0.0,48,7.9,5.0,1.0,0.633,0.673
54.0,Justin Edwards,Philadelphia 76ers,0.0,23,7.9,3.1,1.4,0.582,0.385
54.0,Tyrese Martin,Brooklyn Nets,0.0,35,7.9,3.9,1.8,0.517,0.358
54.0,Taurean Prince,Milwaukee Bucks,0.0,52,7.9,3.7,2.0,0.622,0.538
54.0,Keon Ellis,Sacramento Kings,0.0,51,7.8,2.5,1.3,0.665,0.509
54.0,Kevin Huerter,Chicago Bulls,0.0,44,7.8,2.8,1.7,0.518,0.415
54.0,Cody Martin,Charlotte Hornets,0.0,39,7.8,4.5,2.3,0.528,0.255
54.0,Ja'Kobe Walter,Toronto Raptors,0.0,34,7.8,2.4,1.4,0.508,0.302
54.0,Johnny Juzang,Utah Jazz,0.0,36,7.7,2.7,1.0,0.593,0.231
54.0,A.J. Green,Milwaukee Bucks,0.0,45,7.6,2.3,1.2,0.623,0.538
54.0,Sam Hauser,Boston Celtics,0.0,45,7.6,3.0,1.0,0.622,0.704
54.0,Jay Huff,Memphis Grizzlies,0.0,45,7.6,2.2,0.6,0.682,0.673
54.0,Trayce Jackson-Davis,Golden State Warriors,0.0,49,7.6,5.9,2.0,0.584,0.509
54.0,Garrison Mathews,Atlanta Hawks,0.0,43,7.5,1.8,1.3,0.601,0.481
54.0,Vasilije Micić,Charlotte Hornets,0.0,36,7.5,2.4,3.5,0.462,0.255
54.0,Josh Green,Charlotte Hornets,0.0,46,7.4,2.8,1.5,0.572,0.255
54.0,Cameron Payne,New York Knicks,0.0,46,7.3,1.4,2.5,0.571,0.654
54.0,Cason Wallace,Oklahoma City Thunder,0.0,46,7.3,3.5,2.4,0.524,0.827
54.0,Lonzo Ball,Chicago Bulls,0.0,30,7.2,3.4,3.5,0.524,0.415
54.0,Bones Hyland,Los Angeles Clippers,0.0,20,7.2,1.2,1.4,0.569,0.558
54.0,Jake LaRavia,Sacramento Kings,0.0,49,7.2,4.2,2.8,0.617,0.509
54.0,Sam Merrill,Cleveland Cavaliers,0.0,44,7.2,2.0,1.5,0.572,0.811
54.0,Kelly Olynyk,Toronto Raptors,0.0,24,7.1,3.7,2.3,0.624,0.302
54.0,Mouhamed Gueye,Atlanta Hawks,0.0,7,7.0,4.0,0.6,0.48,0.481
54.0,Isaiah Jackson,Indiana Pacers,0.0,5,7.0,5.6,1.0,0.6,0.569
54.0,Jared Butler,Philadelphia 76ers,0.0,33,6.9,1.3,2.5,0.56,0.385
54.0,Torrey Craig,Chicago Bulls,0.0,9,6.9,2.8,0.6,0.663,0.415
54.0,Andre Drummond,Philadelphia 76ers,0.0,29,6.9,7.5,0.6,0.532,0.385
54.0,Vit Krejci,Atlanta Hawks,0.0,39,6.9,2.7,2.7,0.587,0.481
54.0,Josh Okogie,Charlotte Hornets,0.0,32,6.9,3.0,0.8,0.582,0.255
54.0,Ryan Dunn,Phoenix Suns,0.0,47,6.8,3.4,0.9,0.528,0.5
54.0,Eric Gordon,Philadelphia 76ers,0.0,39,6.8,1.2,1.7,0.591,0.385
54.0,Isaiah Collier,Utah Jazz,0.0,44,6.6,3.0,5.7,0.457,0.231
54.0,Thomas Bryant,Indiana Pacers,0.0,35,6.5,3.9,1.0,0.631,0.569
54.0,Ricky Council IV,Philadelphia 76ers,0.0,44,6.5,2.3,1.1,0.541,0.385
54.0,KJ Simpson,Charlotte Hornets,0.0,21,6.5,2.7,2.5,0.418,0.255
54.0,Precious Achiuwa,New York Knicks,0.0,31,6.4,5.8,1.1,0.576,0.654
54.0,Haywood Highsmith,Miami Heat,0.0,48,6.4,3.1,1.2,0.592,0.49
54.0,Ron Holland,Detroit Pistons,0.0,53,6.4,2.7,0.8,0.54,0.509
54.0,KJ Martin,Philadelphia 76ers,0.0,24,6.4,3.0,0.8,0.689,0.385
54.0,Ajay Mitchell,Oklahoma City Thunder,0.0,34,6.4,2.0,1.7,0.604,0.827
54.0,Kyle Filipowski,Utah Jazz,0.0,42,6.3,4.8,1.8,0.583,0.231
54.0,Trey Lyles,Sacramento Kings,0.0,43,6.3,4.5,0.9,0.537,0.509
54.0,Davion Mitchell,Miami Heat,0.0,45,6.3,2.0,4.6,0.53,0.49
54.0,Matas Buzelis,Chicago Bulls,0.0,51,6.2,2.9,0.5,0.553,0.415
54.0,Simone Fontecchio,Detroit Pistons,0.0,48,6.2,2.9,0.9,0.532,0.509
54.0,Ben Simmons,Brooklyn Nets,0.0,33,6.2,5.2,6.9,0.562,0.358
54.0,Dru Smith,Miami Heat,0.0,14,6.2,2.6,1.6,0.656,0.49
54.0,Alex Caruso,Oklahoma City Thunder,0.0,32,6.1,2.8,2.6,0.515,0.827
54.0,Jonathan Isaac,Orlando Magic,0.0,49,6.1,4.9,0.5,0.514,0.473
54.0,Terance Mann,Atlanta Hawks,0.0,39,6.1,2.8,1.6,0.545,0.481
54.0,Jarace Walker,Indiana Pacers,0.0,49,6.1,3.2,1.4,0.571,0.569
54.0,Alec Burks,Miami Heat,0.0,27,6.0,2.3,1.0,0.621,0.49
54.0,Seth Curry,Charlotte Hornets,0.0,44,6.0,1.5,0.7,0.621,0.255
54.0,Rob Dillingham,Minnesota Timberwolves,0.0,29,6.0,1.1,2.5,0.541,0.556
54.0,Shake Milton,Los Angeles Lakers,0.0,41,6.0,1.9,2.1,0.562,0.627
54.0,Jamal Shead,Toronto Raptors,0.0,47,6.0,1.1,3.6,0.523,0.302
54.0,Dean Wade,Cleveland Cavaliers,0.0,35,6.0,5.1,1.6,0.555,0.811
54.0,James Wiseman,Indiana Pacers,0.0,1,6.0,1.0,0.0,0.615,0.569
54.0,Jaxson Hayes,Los Angeles Lakers,0.0,30,5.9,4.2,1.0,0.72,0.627
54.0,Richaun Holmes,Washington Wizards,0.0,16,5.9,4.8,1.1,0.672,0.17
54.0,Elfrid Payton,Charlotte Hornets,0.0,8,5.9,3.1,6.5,0.438,0.255
54.0,Marcus Sasser,Detroit Pistons,0.0,41,5.9,1.2,2.3,0.565,0.509
54.0,Ben Sheppard,Indiana Pacers,0.0,37,5.9,2.6,1.3,0.564,0.569
54.0,Isaiah Wong,Charlotte Hornets,0.0,19,5.9,1.7,1.4,0.5,0.255
54.0,Kris Dunn,Los Angeles Clippers,0.0,45,5.8,3.4,2.8,0.492,0.558
54.0,Javonte Green,New Orleans Pelicans,0.0,48,5.8,3.5,0.9,0.57,0.226
54.0,Talen Horton-Tucker,Chicago Bulls,0.0,40,5.8,1.7,1.3,0.57,0.415
54.0,Isaac Okoro,Cleveland Cavaliers,0.0,28,5.8,2.1,1.6,0.567,0.811
54.0,Keaton Wallace,Atlanta Hawks,0.0,24,5.8,1.5,2.3,0.54,0.481
54.0,Quenton Jackson,Indiana Pacers,0.0,18,5.7,1.5,1.7,0.598,0.569
54.0,Gabe Vincent,Los Angeles Lakers,0.0,44,5.7,1.2,1.5,0.531,0.627
54.0,Kenrich Williams,Oklahoma City Thunder,0.0,41,5.7,3.3,1.2,0.604,0.827
54.0,Robert Williams,Portland Trail Blazers,0.0,19,5.7,5.9,1.1,0.671,0.426
54.0,Drew Eubanks,Los Angeles Clippers,0.0,40,5.6,4.4,1.1,0.647,0.558
54.0,Jeremiah Robinson-Earl,New Orleans Pelicans,0.0,43,5.6,4.7,1.2,0.542,0.226
54.0,Isaiah Stewart,Detroit Pistons,0.0,48,5.6,5.8,1.7,0.585,0.509
54.0,Jaylin Williams,Oklahoma City Thunder,0.0,25,5.6,5.9,2.5,0.509,0.827
54.0,Kevin Love,Miami Heat,0.0,19,5.5,4.1,1.0,0.484,0.49
54.0,Lindy Waters III,Golden State Warriors,0.0,38,5.5,2.6,1.1,0.498,0.509
54.0,Jamison Battle,Toronto Raptors,0.0,37,5.4,1.8,0.9,0.632,0.302
54.0,Jonathan Mogbo,Toronto Raptors,0.0,40,5.4,4.2,1.6,0.532,0.302
54.0,Vince Williams Jr.,Memphis Grizzlies,0.0,5,5.4,3.0,2.4,0.43,0.673
54.0,Kobe Bufkin,Atlanta Hawks,0.0,10,5.3,2.1,1.7,0.483,0.481
54.0,Donovan Clingan,Portland Trail Blazers,0.0,40,5.3,6.4,0.7,0.587,0.426
54.0,Neemias Queta,Boston Celtics,0.0,42,5.3,3.7,0.6,0.682,0.704
54.0,Tidjane Salaün,Charlotte Hornets,0.0,38,5.3,4.2,1.1,0.445,0.255
54.0,Tristan Vukcevic,Washington Wizards,0.0,13,5.3,2.5,0.9,0.588,0.17
54.0,Jaylen Clark,Minnesota Timberwolves,0.0,12,5.2,1.5,0.4,0.628,0.556
54.0,DaQuan Jeffries,Charlotte Hornets,0.0,20,5.2,2.8,1.2,0.531,0.255
54.0,Luke Kornet,Boston Celtics,0.0,48,5.2,5.0,1.6,0.684,0.704
54.0,Kyle Anderson,Miami Heat,0.0,37,5.1,3.1,2.2,0.508,0.49
54.0,Moussa Diabaté,Charlotte Hornets,0.0,44,5.1,7.0,0.8,0.618,0.255
54.0,Kevon Looney,Golden State Warriors,0.0,47,5.1,6.9,1.9,0.524,0.509
54.0,Gary Payton II,Golden State Warriors,0.0,42,5.1,2.9,1.3,0.592,0.509
54.0,Alondes Williams,Detroit Pistons,0.0,1,5.0,0.0,1.0,1.25,0.509
54.0,Marvin Bagley III,Washington Wizards,0.0,19,4.9,2.9,0.4,0.573,0.17
54.0,Monte Morris,Phoenix Suns,0.0,40,4.8,1.4,1.6,0.514,0.5
54.0,Ryan Rollins,Milwaukee Bucks,0.0,36,4.8,1.5,1.2,0.569,0.538
54.0,Bol Bol,Phoenix Suns,0.0,16,4.7,1.9,0.4,0.602,0.5
54.0,Jeff Green,Houston Rockets,0.0,15,4.7,1.5,0.3,0.669,0.623
54.0,Taylor Hendricks,Utah Jazz,0.0,3,4.7,5.0,0.7,0.354,0.231
54.0,Sandro Mamukelashvili,San Antonio Spurs,0.0,32,4.7,2.4,0.5,0.704,0.451
54.0,Jordan Miller,Los Angeles Clippers,0.0,30,4.7,1.7,1.1,0.505,0.558
54.0,Trevelin Queen,Orlando Magic,0.0,23,4.7,1.7,1.4,0.463,0.473
54.0,Mo Bamba,Los Angeles Clippers,0.0,28,4.6,4.3,0.6,0.561,0.558
54.0,Charles Bassey,San Antonio Spurs,0.0,32,4.6,4.6,0.4,0.59,0.451
54.0,Zach Collins,San Antonio Spurs,0.0,36,4.6,2.8,1.4,0.566,0.451
54.0,Malaki Branham,San Antonio Spurs,0.0,30,4.5,1.1,0.9,0.558,0.451
54.0,Trentyn Flowers,Los Angeles Clippers,0.0,2,4.5,2.0,0.0,0.477,0.558
54.0,David Roddy,Atlanta Hawks,0.0,27,4.5,2.6,1.1,0.594,0.481
54.0,Dariq Whitehead,Brooklyn Nets,0.0,8,4.5,0.6,0.1,0.684,0.358
54.0,Jett Howard,Orlando Magic,0.0,44,4.4,1.2,0.6,0.508,0.473
54.0,Reggie Jackson,Philadelphia 76ers,0.0,31,4.4,1.4,1.5,0.496,0.385
54.0,Pat Connaughton,Milwaukee Bucks,0.0,30,4.3,2.7,1.7,0.535,0.538
54.0,Paul Reed,Detroit Pistons,0.0,29,4.3,2.5,1.0,0.607,0.509
54.0,Daniel Theis,New Orleans Pelicans,0.0,38,4.3,4.3,1.6,0.558,0.226
54.0,Aaron Holiday,Houston Rockets,0.0,38,4.2,1.0,1.2,0.556,0.623
54.0,Tre Jones,Chicago Bulls,0.0,29,4.2,2.1,3.7,0.552,0.415
54.0,Julian Phillips,Chicago Bulls,0.0,51,4.2,2.0,0.4,0.561,0.415
54.0,Antonio Reeves,New Orleans Pelicans,0.0,22,4.2,0.9,0.7,0.503,0.226
54.0,Kris Murray,Portland Trail Blazers,0.0,44,4.1,2.2,0.8,0.512,0.426
54.0,Kyle Lowry,Philadelphia 76ers,0.0,33,4.0,2.0,2.8,0.53,0.385
54.0,Josh Richardson,Miami Heat,0.0,8,4.0,1.5,1.5,0.402,0.49
54.0,Gui Santos,Golden State Warriors,0.0,28,4.0,2.7,1.1,0.629,0.509
54.0,Cam Spencer,Memphis Grizzlies,0.0,10,4.0,1.7,1.6,0.589,0.673
54.0,Oscar Tshiebwe,Utah Jazz,0.0,4,4.0,5.8,0.2,0.769,0.231
54.0,Ousmane Dieng,Oklahoma City Thunder,0.0,29,3.9,2.3,0.9,0.504,0.827
54.0,Patty Mills,Los Angeles Clippers,0.0,19,3.9,1.1,1.2,0.423,0.558
54.0,Mason Plumlee,Phoenix Suns,0.0,51,3.9,6.3,1.9,0.596,0.5
54.0,Dalen Terry,Chicago Bulls,0.0,48,3.9,1.5,1.2,0.555,0.415
54.0,Andre Jackson Jr.,Milwaukee Bucks,0.0,50,3.8,3.2,1.5,0.546,0.538
54.0,Jock Landale,Houston Rockets,0.0,26,3.8,3.2,0.9,0.531,0.623
54.0,Pelle Larsson,Miami Heat,0.0,34,3.8,1.5,0.9,0.553,0.49
54.0,Micah Potter,Utah Jazz,0.0,24,3.8,3.7,0.8,0.59,0.231
54.0,Dario Šarić,Denver Nuggets,0.0,13,3.8,3.6,1.7,0.42,0.648
54.0,Jae'Sean Tate,Houston Rockets,0.0,34,3.8,2.2,0.9,0.555,0.623
54.0,Cody Williams,Utah Jazz,0.0,27,3.8,2.2,1.3,0.388,0.231
54.0,Steven Adams,Houston Rockets,0.0,36,3.7,5.4,1.1,0.531,0.623
54.0,Devin Carter,Sacramento Kings,0.0,16,3.7,2.5,1.3,0.428,0.509
54.0,Damion Lee,Phoenix Suns,0.0,15,3.7,0.9,0.5,0.47,0.5
54.0,Olivier-Maxence Prosper,Dallas Mavericks,0.0,43,3.7,2.4,0.7,0.493,0.519
54.0,Jevon Carter,Chicago Bulls,0.0,25,3.6,0.9,0.9,0.559,0.415
54.0,Jeff Dowtin,Philadelphia 76ers,0.0,23,3.6,1.2,1.4,0.469,0.385
54.0,Isaac Jones,Sacramento Kings,0.0,25,3.6,1.5,0.3,0.655,0.509
54.0,DeAndre Jordan,Denver Nuggets,0.0,39,3.6,4.6,0.8,0.637,0.648
54.0,Kylor Kelley,Dallas Mavericks,0.0,5,3.6,3.6,0.2,0.773,0.519
54.0,Jamal Cain,New Orleans Pelicans,0.0,21,3.5,2.3,0.5,0.514,0.226
54.0,Gary Harris,Orlando Magic,0.0,26,3.5,1.3,0.6,0.52,0.473
54.0,Oso Ighodaro,Phoenix Suns,0.0,41,3.5,3.2,1.0,0.577,0.5
54.0,Reed Sheppard,Houston Rockets,0.0,38,3.5,1.4,1.1,0.4,0.623
54.0,Bruno Fernando,Toronto Raptors,0.0,17,3.4,3.0,1.1,0.552,0.302
54.0,Doug McDermott,Sacramento Kings,0.0,31,3.4,0.5,0.1,0.608,0.509
54.0,Nicolas Batum,Los Angeles Clippers,0.0,50,3.3,2.8,1.3,0.557,0.558
54.0,Jalen Pickett,Denver Nuggets,0.0,24,3.3,1.1,2.0,0.556,0.648
54.0,Cam Reddish,Los Angeles Lakers,0.0,31,3.3,2.0,0.7,0.529,0.627
54.0,Jabari Walker,Portland Trail Blazers,0.0,38,3.3,2.9,0.5,0.507,0.426
54.0,Moses Brown,Indiana Pacers,0.0,9,3.2,1.4,0.0,0.653,0.569
54.0,Elijah Harkless,Utah Jazz,0.0,10,3.2,2.1,0.8,0.425,0.231
54.0,Wendell Moore Jr.,Detroit Pistons,0.0,20,3.2,2.2,1.2,0.561,0.509
54.0,Luka Garza,Minnesota Timberwolves,0.0,22,3.1,1.4,0.2,0.514,0.556
54.0,Karlo Matković,New Orleans Pelicans,0.0,15,3.1,3.7,0.7,0.527,0.226
54.0,JT Thor,Cleveland Cavaliers,0.0,9,3.1,0.7,0.1,0.756,0.811
54.0,Jaylon Tyson,Cleveland Cavaliers,0.0,34,3.1,2.3,0.9,0.537,0.811
54.0,Jarred Vanderbilt,Los Angeles Lakers,0.0,8,3.1,6.1,1.4,0.467,0.627
54.0,Blake Wesley,San Antonio Spurs,0.0,31,3.1,0.7,1.9,0.526,0.451
54.0,Adem Bona,Philadelphia 76ers,0.0,36,3.0,2.8,0.3,0.707,0.385
54.0,Maxi Kleber,Dallas Mavericks,0.0,34,3.0,2.8,1.3,0.489,0.519
54.0,Taze Moore,Portland Trail Blazers,0.0,2,3.0,4.0,0.5,0.276,0.426
54.0,Orlando Robinson,Toronto Raptors,0.0,18,3.0,2.6,0.9,0.457,0.302
54.0,TyTy Washington Jr.,Phoenix Suns,0.0,5,3.0,1.0,1.2,0.504,0.5
54.0,Kobe Brown,Los Angeles Clippers,0.0,21,2.9,2.2,0.7,0.575,0.558
54.0,Jae Crowder,Sacramento Kings,0.0,7,2.9,2.4,0.6,0.509,0.509
54.0,Craig Porter Jr.,Cleveland Cavaliers,0.0,32,2.9,1.0,1.2,0.658,0.811
54.0,Landry Shamet,New York Knicks,0.0,20,2.9,0.8,0.4,0.516,0.654
54.0,Tyler Smith,Milwaukee Bucks,0.0,15,2.9,1.3,0.3,0.615,0.538
54.0,Pat Spencer,Golden State Warriors,0.0,22,2.9,1.5,1.5,0.472,0.509
54.0,Dominick Barlow,Atlanta Hawks,0.0,15,2.8,1.5,0.2,0.506,0.481
54.0,Branden Carlson,Oklahoma City Thunder,0.0,18,2.8,1.4,0.3,0.656,0.827
54.0,Caleb Houstan,Orlando Magic,0.0,36,2.8,1.0,0.4,0.473,0.473
54.0,Mason Jones,Sacramento Kings,0.0,5,2.8,1.6,1.8,0.543,0.509
54.0,A.J. Lawson,Toronto Raptors,0.0,4,2.8,0.8,0.0,0.59,0.302
54.0,Brandon Williams,Dallas Mavericks,0.0,17,2.8,0.8,1.1,0.514,0.519
54.0,AJ Johnson,Washington Wizards,0.0,9,2.7,1.0,1.3,0.465,0.17
54.0,Drew Peterson,Boston Celtics,0.0,14,2.7,1.9,0.8,0.677,0.704
54.0,Jeenathan Williams,Houston Rockets,0.0,6,2.7,0.5,0.2,0.889,0.623
54.0,Taj Gibson,Charlotte Hornets,0.0,23,2.6,3.5,0.6,0.475,0.255
54.0,Collin Gillespie,Phoenix Suns,0.0,7,2.6,0.9,0.6,0.738,0.5
54.0,John Konchar,Memphis Grizzlies,0.0,28,2.6,3.8,1.0,0.54,0.673
54.0,Josh Minott,Minnesota Timberwolves,0.0,32,2.6,1.1,0.4,0.549,0.556
54.0,E.J. Liddell,Chicago Bulls,0.0,6,2.5,0.8,0.5,0.845,0.415
54.0,Jackson Rowe,Golden State Warriors,0.0,4,2.5,1.8,0.8,0.388,0.509
54.0,Johnny Davis,Washington Wizards,0.0,34,2.4,1.1,0.3,0.473,0.17
54.0,Trey Jemison,Los Angeles Lakers,0.0,23,2.4,2.7,0.5,0.496,0.627
54.0,Rayan Rupert,Portland Trail Blazers,0.0,36,2.4,1.2,0.4,0.5,0.426
54.0,Delon Wright,New York Knicks,0.0,27,2.4,1.7,1.8,0.351,0.654
54.0,Dillon Jones,Oklahoma City Thunder,0.0,33,2.3,2.0,1.0,0.414,0.827
54.0,Duop Reath,Portland Trail Blazers,0.0,26,2.3,0.8,0.2,0.532,0.426
54.0,Vlatko Čančar,Denver Nuggets,0.0,4,2.2,2.0,0.0,0.643,0.648
54.0,Kai Jones,Los Angeles Clippers,0.0,27,2.2,1.7,0.4,0.732,0.558
54.0,Zeke Nnaji,Denver Nuggets,0.0,33,2.2,1.3,0.2,0.515,0.648
54.0,Lester Quiñones,Philadelphia 76ers,0.0,4,2.2,1.0,0.2,0.533,0.385
54.0,Hunter Tyson,Denver Nuggets,0.0,38,2.2,1.6,0.4,0.53,0.648
54.0,Patrick Baldwin Jr.,Washington Wizards,0.0,22,2.1,1.0,0.1,0.676,0.17
54.0,Reece Beekman,Brooklyn Nets,0.0,21,2.1,0.7,1.5,0.455,0.358
54.0,Chris Duarte,Chicago Bulls,0.0,17,2.1,1.2,0.5,0.61,0.415
54.0,Christian Koloko,Los Angeles Lakers,0.0,28,2.1,2.1,0.4,0.661,0.627
54.0,Pete Nance,Philadelphia 76ers,0.0,7,2.1,1.4,0.4,0.472,0.385
54.0,MarJon Beauchamp,Los Angeles Clippers,0.0,27,2.0,1.2,0.3,0.534,0.558
54.0,Keion Brooks Jr.,New Orleans Pelicans,0.0,2,2.0,1.5,0.5,0.532,0.226
54.0,Jalen Hood-Schifino,Los Angeles Lakers,0.0,2,2.0,0.5,0.5,1.064,0.627
54.0,Leonard Miller,Minnesota Timberwolves,0.0,7,2.0,1.4,0.0,0.451,0.556
54.0,Markieff Morris,Los Angeles Lakers,0.0,9,2.0,1.0,0.7,0.346,0.627
54.0,Adama Sanogo,Chicago Bulls,0.0,4,2.0,1.5,0.2,0.571,0.415
54.0,Johnny Furphy,Indiana Pacers,0.0,32,1.9,1.0,0.3,0.526,0.569
54.0,Cory Joseph,Orlando Magic,0.0,30,1.9,0.8,0.8,0.47,0.473
54.0,Tyler Kolek,New York Knicks,0.0,28,1.9,0.5,0.8,0.534,0.654
54.0,Jordan McLaughlin,Sacramento Kings,0.0,28,1.9,0.8,0.9,0.519,0.509
54.0,Terrence Shannon Jr. ,Minnesota Timberwolves,0.0,14,1.9,0.3,0.6,0.484,0.556
54.0,Anthony Gill,Washington Wizards,0.0,37,1.8,0.8,0.2,0.586,0.17
54.0,Enrique Freeman,Indiana Pacers,0.0,19,1.7,1.0,0.4,0.521,0.569
54.0,Ariel Hukporti,New York Knicks,0.0,20,1.7,2.0,0.4,0.633,0.654
54.0,Jaden Springer,Boston Celtics,0.0,26,1.7,0.9,0.4,0.52,0.704
54.0,Armel Traoré,Los Angeles Lakers,0.0,9,1.6,1.7,0.1,0.317,0.627
54.0,Alex Ducas,Oklahoma City Thunder,0.0,14,1.6,1.1,0.1,0.548,0.827
54.0,Keshad Johnson,Miami Heat,0.0,10,1.6,1.7,0.3,0.546,0.49
54.0,Bryce McGowens,Portland Trail Blazers,0.0,8,1.6,0.1,0.1,0.674,0.426
54.0,Jericho Sims,New York Knicks,0.0,39,1.6,3.3,0.6,0.619,0.654
54.0,Tristan Thompson,Cleveland Cavaliers,0.0,27,1.6,3.0,0.7,0.401,0.811
54.0,Jordan Walsh,Boston Celtics,0.0,36,1.6,1.1,0.3,0.473,0.704
54.0,Pacome Dadiet,New York Knicks,0.0,13,1.5,1.0,0.4,0.455,0.654
54.0,David Duke Jr.,San Antonio Spurs,0.0,2,1.5,1.0,1.0,0.255,0.451
54.0,Kessler Edwards,Dallas Mavericks,0.0,24,1.5,1.6,0.6,0.469,0.519
54.0,Jazian Gortman,Dallas Mavericks,0.0,16,1.5,0.3,0.4,0.485,0.519
54.0,Quincy Olivari,Los Angeles Lakers,0.0,2,1.5,0.0,0.5,0.3,0.627
54.0,Dwight Powell,Dallas Mavericks,0.0,33,1.5,1.8,0.7,0.785,0.519
54.0,Matt Ryan,New York Knicks,0.0,17,1.5,0.4,0.1,0.448,0.654
54.0,Colin Castleton,Memphis Grizzlies,0.0,10,1.4,0.9,0.0,0.472,0.673
54.0,Adam Flagler,Oklahoma City Thunder,0.0,21,1.4,0.4,0.0,0.279,0.827
54.0,Alex Len,Sacramento Kings,0.0,36,1.4,1.8,0.8,0.557,0.509
54.0,Sidy Cissoko,San Antonio Spurs,0.0,17,1.3,0.6,0.4,0.533,0.451
54.0,Yuki Kawamura,Memphis Grizzlies,0.0,19,1.3,0.4,0.7,0.487,0.673
54.0,Jack McVeigh,Houston Rockets,0.0,6,1.3,0.7,0.2,0.364,0.623
54.0,Cam Christie,Los Angeles Clippers,0.0,5,1.2,1.2,0.4,0.304,0.558
54.0,JD Davison,Boston Celtics,0.0,5,1.2,0.4,0.2,0.51,0.704
54.0,Chris Livingston,Milwaukee Bucks,0.0,12,1.2,1.6,0.1,0.448,0.538
54.0,PJ Hall,Denver Nuggets,0.0,14,1.1,1.0,0.2,0.545,0.648
54.0,Colby Jones,Sacramento Kings,0.0,24,1.1,1.0,0.3,0.5,0.509
54.0,Luke Travers,Cleveland Cavaliers,0.0,7,1.1,1.0,0.7,0.45,0.811
54.0,Trey Alexander,Denver Nuggets,0.0,18,1.0,0.5,0.4,0.362,0.648
54.0,Jared Rhoden,Charlotte Hornets,0.0,4,1.0,1.0,0.5,0.25,0.255
54.0,Joe Ingles,Minnesota Timberwolves,0.0,14,0.9,0.5,1.1,0.429,0.556
54.0,Bronny James,Los Angeles Lakers,0.0,16,0.9,0.4,0.4,0.258,0.627
54.0,Maxwell Lewis,Brooklyn Nets,0.0,8,0.9,0.2,0.2,0.479,0.358
54.0,Xavier Tillman Sr.,Boston Celtics,0.0,27,0.9,1.3,0.3,0.298,0.704
54.0,Jalen Bridges,Phoenix Suns,0.0,5,0.8,0.6,0.0,0.41,0.5
54.0,D.J. Carton,Toronto Raptors,0.0,4,0.8,1.0,0.8,0.202,0.302
54.0,Ulrich Chomche,Toronto Raptors,0.0,6,0.8,1.0,0.3,0.644,0.302
54.0,Josh Christopher,Miami Heat,0.0,8,0.8,0.4,0.5,0.342,0.49
54.0,Isaiah Crawford,Sacramento Kings,0.0,4,0.8,1.0,0.0,0.387,0.509
54.0,RayJ Dennis,Indiana Pacers,0.0,6,0.8,0.5,0.2,0.644,0.569
54.0,PJ Dozier,Minnesota Timberwolves,0.0,9,0.8,0.6,0.6,0.621,0.556
54.0,James Johnson,Indiana Pacers,0.0,10,0.8,0.5,0.4,0.424,0.569
54.0,Jaylen Martin,Washington Wizards,0.0,4,0.8,0.5,0.0,0.562,0.17
54.0,Baylor Scheierman,Boston Celtics,0.0,11,0.8,1.5,0.6,0.226,0.704
54.0,Liam Robbins,Milwaukee Bucks,0.0,13,0.7,0.9,0.2,0.363,0.538
54.0,Cui Yongxi,Brooklyn Nets,0.0,5,0.6,0.4,0.0,0.19,0.358
54.0,Garrett Temple,Toronto Raptors,0.0,17,0.6,0.6,0.6,0.328,0.302
54.0,Stanley Umude,Milwaukee Bucks,0.0,19,0.6,0.7,0.1,0.276,0.538
54.0,Emoni Bates,Cleveland Cavaliers,0.0,6,0.5,0.0,0.7,0.125,0.811
54.0,Spencer Jones,Denver Nuggets,0.0,10,0.5,0.4,0.0,0.313,0.648
54.0,Tristen Newton,Minnesota Timberwolves,0.0,7,0.4,0.6,0.3,0.166,0.556
54.0,Jacob Toppin,New York Knicks,0.0,16,0.4,0.7,0.2,0.3,0.654
54.0,Malevy Leons,Oklahoma City Thunder,0.0,6,0.3,0.5,0.2,0.266,0.827
54.0,Daishen Nix,Minnesota Timberwolves,0.0,3,0.3,1.3,1.0,0.266,0.556
54.0,Harrison Ingram,San Antonio Spurs,0.0,2,0.0,1.0,0.0,0.0,0.451
54.0,Daniss Jenkins,Detroit Pistons,0.0,4,0.0,0.0,0.0,0.0,0.509
54.0,Bobi Klintman,Detroit Pistons,0.0,3,0.0,0.7,0.3,0.0,0.509
54.0,Mac McClung,Orlando Magic,0.0,1,0.0,1.0,2.0,0.0,0.473
54.0,Justin Minaya,Portland Trail Blazers,0.0,6,0.0,0.5,0.3,0.0,0.426
54.0,Riley Minix,San Antonio Spurs,0.0,1,0.0,2.0,0.0,0.0,0.451
54.0,Chuma Okeke,Philadelphia 76ers,0.0,1,0.0,1.0,0.0,0.0,0.385
54.0,Zyon Pullin,Memphis Grizzlies,0.0,2,0.0,0.0,0.0,0.0,0.673
54.0,Cole Swider,Detroit Pistons,0.0,2,0.0,1.0,0.5,0.0,0.509
